sno,ip_address,ip_range,as_number,geolocation,as_name,latency
1,129.250.3.176,129.250.0.0-129.250.255.255,2914,US,"NTT-LTD-2914, US",23.0
1,129.250.5.62,129.250.0.0-129.250.255.255,2914,US,"NTT-LTD-2914, US",92.0
1,180.87.108.162,180.87.0.0-180.87.127.255,6453,IN,"AS6453, US",93.0
1,180.87.108.193,180.87.0.0-180.87.127.255,6453,IN,"AS6453, US",94.0
1,142.250.166.254,142.250.0.0-142.251.255.255,15169,US,"GOOGLE, US",95.0
1,142.251.241.0,142.250.0.0-142.251.255.255,15169,US,"GOOGLE, US",93.0
1,108.170.240.242,108.170.192.0-108.170.255.255,15169,US,"GOOGLE, US",94.0
1,142.251.229.225,142.250.0.0-142.251.255.255,15169,US,"GOOGLE, US",122.0
1,108.170.235.12,108.170.192.0-108.170.255.255,15169,US,"GOOGLE, US",170.0
1,142.251.68.50,142.250.0.0-142.251.255.255,15169,US,"GOOGLE, US",206.0
1,142.250.234.138,142.250.0.0-142.251.255.255,15169,US,"GOOGLE, US",208.0
1,108.170.243.1,108.170.192.0-108.170.255.255,15169,US,"GOOGLE, US",206.0
1,209.85.243.49,209.85.128.0-209.85.255.255,15169,US,"GOOGLE, US",205.0
1,172.217.12.110,172.217.12.0-172.217.12.255,15169,US,"GOOGLE, US",206.0
2,129.250.3.176,129.250.0.0-129.250.255.255,2914,US,"NTT-LTD-2914, US",3.0
2,129.250.5.46,129.250.0.0-129.250.255.255,2914,US,"NTT-LTD-2914, US",114.0
2,129.250.4.175,129.250.0.0-129.250.255.255,2914,US,"NTT-LTD-2914, US",114.0
2,120.88.53.30,120.88.48.0-120.88.55.255,2914,JP,"NTT-LTD-2914, US",115.0
2,122.1.245.210,122.1.0.0-122.1.255.255,4713,JP,"OCN NTT Communications Corporation, JP",114.0
2,211.0.206.174,211.0.0.0-211.0.255.255,4713,JP,"OCN NTT Communications Corporation, JP",121.0
3,129.250.3.176,129.250.0.0-129.250.255.255,2914,US,"NTT-LTD-2914, US",1.0
3,129.250.5.62,129.250.0.0-129.250.255.255,2914,US,"NTT-LTD-2914, US",95.0
3,180.87.108.162,180.87.0.0-180.87.127.255,6453,IN,"AS6453, US",93.0
3,180.87.108.197,180.87.0.0-180.87.127.255,6453,IN,"AS6453, US",130.0
3,180.87.15.81,180.87.0.0-180.87.127.255,6453,IN,"AS6453, US",130.0
3,180.87.112.31,180.87.0.0-180.87.127.255,6453,IN,"AS6453, US",128.0
3,157.197.66.45,157.197.64.0-157.197.127.255,6619,KR,"SAMSUNGSDS-AS-KR SamsungSDS Inc., KR",155.0
3,157.197.66.45,157.197.64.0-157.197.127.255,6619,KR,"SAMSUNGSDS-AS-KR SamsungSDS Inc., KR",155.0
3,157.197.80.34,157.197.64.0-157.197.127.255,6619,KR,"SAMSUNGSDS-AS-KR SamsungSDS Inc., KR",159.0
3,157.197.83.110,157.197.64.0-157.197.127.255,6619,KR,"SAMSUNGSDS-AS-KR SamsungSDS Inc., KR",156.0
4,129.250.3.176,129.250.0.0-129.250.255.255,2914,US,"NTT-LTD-2914, US",2.0
4,129.250.5.62,129.250.0.0-129.250.255.255,2914,US,"NTT-LTD-2914, US",95.0
4,180.87.108.162,180.87.0.0-180.87.127.255,6453,IN,"AS6453, US",93.0
4,180.87.108.193,180.87.0.0-180.87.127.255,6453,IN,"AS6453, US",93.0
4,180.87.12.129,180.87.0.0-180.87.127.255,6453,IN,"AS6453, US",142.0
5,129.250.9.241,129.250.0.0-129.250.255.255,2914,US,"NTT-LTD-2914, US",2.0
5,220.101.73.165,220.101.0.0-220.101.127.255,7474,AU,"OPTUSCOM-AS01-AU SingTel Optus Pty Ltd, AU",3.0
5,124.19.61.124,124.19.0.0-124.19.127.255,7474,AU,"OPTUSCOM-AS01-AU SingTel Optus Pty Ltd, AU",2.0
6,129.250.3.176,129.250.0.0-129.250.255.255,2914,US,"NTT-LTD-2914, US",7.0
6,129.250.2.97,129.250.0.0-129.250.255.255,2914,US,"NTT-LTD-2914, US",93.0
6,116.51.17.26,116.51.16.0-116.51.31.255,2914,SG,"NTT-LTD-2914, US",93.0
7,129.250.3.126,129.250.0.0-129.250.255.255,2914,US,"NTT-LTD-2914, US",20.0
7,129.250.3.79,129.250.0.0-129.250.255.255,2914,US,"NTT-LTD-2914, US",144.0
7,129.250.201.90,129.250.0.0-129.250.255.255,2914,US,"NTT-LTD-2914, US",144.0
8,129.250.3.176,129.250.0.0-129.250.255.255,2914,US,"NTT-LTD-2914, US",1.0
8,129.250.5.46,129.250.0.0-129.250.255.255,2914,US,"NTT-LTD-2914, US",113.0
8,129.250.6.127,129.250.0.0-129.250.255.255,2914,US,"NTT-LTD-2914, US",114.0
8,203.105.72.58,203.105.64.0-203.105.95.255,2914,JP,"NTT-LTD-2914, US",115.0
8,203.178.139.36,203.178.128.0-203.178.255.255,2500,JP,"WIDE-BB WIDE Project, JP",117.0
8,131.113.4.185,131.113.0.0-131.113.255.255,38635,JP,"KEIO-NET Keio University, JP",118.0
8,131.113.1.169,131.113.0.0-131.113.255.255,38635,JP,"KEIO-NET Keio University, JP",117.0
8,131.113.132.139,131.113.0.0-131.113.255.255,38635,JP,"KEIO-NET Keio University, JP",117.0
9,129.250.3.176,129.250.0.0-129.250.255.255,2914,US,"NTT-LTD-2914, US",2.0
9,129.250.7.49,129.250.0.0-129.250.255.255,2914,US,"NTT-LTD-2914, US",4.0
9,202.68.67.251,202.68.66.0-202.68.67.255,2914,AU,"NTT-LTD-2914, US",1.0
9,142.167.200.35,142.167.200.0-142.167.203.255,855,CA,"CANET-ASN-4, CA",153.0
10,129.250.9.241,129.250.0.0-129.250.255.255,2914,US,"NTT-LTD-2914, US",7.0
10,103.13.83.171,103.13.80.0-103.13.83.255,2914,AU,"NTT-LTD-2914, US",1.0
10,169.53.16.236,169.53.0.0-169.53.63.255,36351,US,"SOFTLAYER, US",147.0
10,169.46.118.131,169.46.0.0-169.46.127.255,36351,US,"SOFTLAYER, US",178.0
10,169.46.118.163,169.46.0.0-169.46.127.255,36351,US,"SOFTLAYER, US",177.0
10,169.46.118.165,169.46.0.0-169.46.127.255,36351,US,"SOFTLAYER, US",174.0
11,129.250.3.176,129.250.0.0-129.250.255.255,2914,US,"NTT-LTD-2914, US",1.0
11,129.250.5.62,129.250.0.0-129.250.255.255,2914,US,"NTT-LTD-2914, US",93.0
11,180.87.108.162,180.87.0.0-180.87.127.255,6453,IN,"AS6453, US",93.0
11,180.87.108.197,180.87.0.0-180.87.127.255,6453,IN,"AS6453, US",272.0
11,180.87.15.17,180.87.0.0-180.87.127.255,6453,IN,"AS6453, US",276.0
11,180.87.181.207,180.87.128.0-180.87.191.255,6453,IN,"AS6453, US",282.0
11,64.86.252.32,64.86.0.0-64.86.255.255,6453,US,"AS6453, US",276.0
11,207.45.219.128,207.45.192.0-207.45.223.255,6453,US,"AS6453, US",282.0
11,207.45.219.137,207.45.192.0-207.45.223.255,6453,US,"AS6453, US",284.0
11,216.6.87.8,216.6.0.0-216.6.127.255,6453,US,"AS6453, US",279.0
11,216.6.87.27,216.6.0.0-216.6.127.255,6453,US,"AS6453, US",286.0
12,129.250.9.243,129.250.0.0-129.250.255.255,2914,US,"NTT-LTD-2914, US",1.0
12,202.68.65.82,202.68.64.0-202.68.65.255,2914,AU,"NTT-LTD-2914, US",1.0
12,202.68.65.82,202.68.64.0-202.68.65.255,2914,AU,"NTT-LTD-2914, US",1.0
12,113.197.15.29,113.197.0.0-113.197.15.255,7575,AU,"AARNET-AS-AP Australian Academic and Research Network AARNet, AU",22.0
13,129.250.7.32,129.250.0.0-129.250.255.255,2914,US,"NTT-LTD-2914, US",2.0
13,129.250.3.44,129.250.0.0-129.250.255.255,2914,US,"NTT-LTD-2914, US",2.0
13,129.250.2.43,129.250.0.0-129.250.255.255,2914,US,"NTT-LTD-2914, US",45.0
13,129.250.7.66,129.250.0.0-129.250.255.255,2914,US,"NTT-LTD-2914, US",70.0
13,129.250.5.62,129.250.0.0-129.250.255.255,2914,US,"NTT-LTD-2914, US",87.0
13,180.87.108.162,180.87.0.0-180.87.127.255,6453,IN,"AS6453, US",80.0
13,180.87.108.193,180.87.0.0-180.87.127.255,6453,IN,"AS6453, US",79.0
13,142.250.166.254,142.250.0.0-142.251.255.255,15169,US,"GOOGLE, US",71.0
13,209.85.244.156,209.85.128.0-209.85.255.255,15169,US,"GOOGLE, US",73.0
13,108.170.240.164,108.170.192.0-108.170.255.255,15169,US,"GOOGLE, US",80.0
13,72.14.232.222,72.14.192.0-72.14.255.255,15169,US,"GOOGLE, US",130.0
13,74.125.37.14,74.125.0.0-74.125.255.255,15169,US,"GOOGLE, US",108.0
13,216.239.48.246,216.239.32.0-216.239.63.255,15169,US,"GOOGLE, US",828.0
13,142.251.68.50,142.250.0.0-142.251.255.255,15169,US,"GOOGLE, US",176.0
13,74.125.253.150,74.125.0.0-74.125.255.255,15169,US,"GOOGLE, US",187.0
13,108.170.242.225,108.170.192.0-108.170.255.255,15169,US,"GOOGLE, US",174.0
13,209.85.243.49,209.85.128.0-209.85.255.255,15169,US,"GOOGLE, US",183.0
13,172.217.12.110,172.217.12.0-172.217.12.255,15169,US,"GOOGLE, US",176.0
14,129.250.7.30,129.250.0.0-129.250.255.255,2914,US,"NTT-LTD-2914, US",2.0
14,129.250.7.78,129.250.0.0-129.250.255.255,2914,US,"NTT-LTD-2914, US",9.0
14,129.250.6.129,129.250.0.0-129.250.255.255,2914,US,"NTT-LTD-2914, US",9.0
15,129.250.7.30,129.250.0.0-129.250.255.255,2914,US,"NTT-LTD-2914, US",2.0
15,129.250.2.128,129.250.0.0-129.250.255.255,2914,US,"NTT-LTD-2914, US",1.0
15,129.250.8.90,129.250.0.0-129.250.255.255,2914,US,"NTT-LTD-2914, US",31.0
15,222.237.11.113,222.232.0.0-222.239.255.255,9318,KR,"SKB-AS SK Broadband Co Ltd, KR",38.0
15,157.197.86.2,157.197.64.0-157.197.127.255,6619,KR,"SAMSUNGSDS-AS-KR SamsungSDS Inc., KR",39.0
15,157.197.82.214,157.197.64.0-157.197.127.255,6619,KR,"SAMSUNGSDS-AS-KR SamsungSDS Inc., KR",39.0
15,157.197.83.110,157.197.64.0-157.197.127.255,6619,KR,"SAMSUNGSDS-AS-KR SamsungSDS Inc., KR",46.0
16,129.250.7.30,129.250.0.0-129.250.255.255,2914,US,"NTT-LTD-2914, US",1.0
16,129.250.2.43,129.250.0.0-129.250.255.255,2914,US,"NTT-LTD-2914, US",51.0
16,129.250.6.94,129.250.0.0-129.250.255.255,2914,US,"NTT-LTD-2914, US",45.0
16,116.0.93.210,116.0.93.0-116.0.93.255,6453,SG,"AS6453, US",45.0
16,116.0.93.137,116.0.93.0-116.0.93.255,6453,SG,"AS6453, US",45.0
16,116.0.67.122,116.0.64.0-116.0.95.255,6453,SG,"AS6453, US",128.0
17,129.250.7.32,129.250.0.0-129.250.255.255,2914,US,"NTT-LTD-2914, US",12.0
17,129.250.7.80,129.250.0.0-129.250.255.255,2914,US,"NTT-LTD-2914, US",9.0
17,129.250.6.127,129.250.0.0-129.250.255.255,2914,US,"NTT-LTD-2914, US",9.0
17,61.120.146.118,61.120.144.0-61.120.159.255,2914,JP,"NTT-LTD-2914, US",9.0
18,61.200.80.86,61.200.80.0-61.200.95.255,2914,JP,"NTT-LTD-2914, US",2.0
18,203.83.223.21,203.83.220.0-203.83.223.255,16509,SG,"AMAZON-02, US",82.0
19,129.250.7.30,129.250.0.0-129.250.255.255,2914,US,"NTT-LTD-2914, US",2.0
19,129.250.3.60,129.250.0.0-129.250.255.255,2914,US,"NTT-LTD-2914, US",103.0
19,129.250.3.27,129.250.0.0-129.250.255.255,2914,US,"NTT-LTD-2914, US",105.0
19,128.241.14.102,128.241.0.0-128.241.255.255,2914,US,"NTT-LTD-2914, US",106.0
20,129.250.7.30,129.250.0.0-129.250.255.255,2914,US,"NTT-LTD-2914, US",4.0
20,129.250.7.80,129.250.0.0-129.250.255.255,2914,US,"NTT-LTD-2914, US",8.0
20,129.250.6.133,129.250.0.0-129.250.255.255,2914,US,"NTT-LTD-2914, US",9.0
20,203.105.72.58,203.105.64.0-203.105.95.255,2914,JP,"NTT-LTD-2914, US",9.0
20,203.178.139.36,203.178.128.0-203.178.255.255,2500,JP,"WIDE-BB WIDE Project, JP",12.0
20,131.113.4.185,131.113.0.0-131.113.255.255,38635,JP,"KEIO-NET Keio University, JP",12.0
20,131.113.1.169,131.113.0.0-131.113.255.255,38635,JP,"KEIO-NET Keio University, JP",12.0
20,131.113.132.139,131.113.0.0-131.113.255.255,38635,JP,"KEIO-NET Keio University, JP",12.0
21,129.250.7.32,129.250.0.0-129.250.255.255,2914,US,"NTT-LTD-2914, US",2.0
21,129.250.7.78,129.250.0.0-129.250.255.255,2914,US,"NTT-LTD-2914, US",8.0
21,129.250.7.38,129.250.0.0-129.250.255.255,2914,US,"NTT-LTD-2914, US",8.0
21,117.103.177.18,117.103.176.0-117.103.191.255,2914,JP,"NTT-LTD-2914, US",8.0
21,142.167.200.35,142.167.200.0-142.167.203.255,855,CA,"CANET-ASN-4, CA",138.0
22,129.250.7.30,129.250.0.0-129.250.255.255,2914,US,"NTT-LTD-2914, US",15.0
22,129.250.2.118,129.250.0.0-129.250.255.255,2914,US,"NTT-LTD-2914, US",108.0
22,129.250.3.79,129.250.0.0-129.250.255.255,2914,US,"NTT-LTD-2914, US",106.0
22,198.172.90.82,198.172.0.0-198.173.255.255,2914,US,"NTT-LTD-2914, US",115.0
22,50.97.17.76,50.97.16.0-50.97.17.255,36351,US,"SOFTLAYER, US",109.0
22,50.97.17.252,50.97.16.0-50.97.17.255,36351,US,"SOFTLAYER, US",145.0
22,50.97.17.90,50.97.16.0-50.97.17.255,36351,US,"SOFTLAYER, US",145.0
22,169.46.118.141,169.46.0.0-169.46.127.255,36351,US,"SOFTLAYER, US",136.0
22,169.46.118.133,169.46.0.0-169.46.127.255,36351,US,"SOFTLAYER, US",142.0
22,169.46.118.157,169.46.0.0-169.46.127.255,36351,US,"SOFTLAYER, US",137.0
23,129.250.7.30,129.250.0.0-129.250.255.255,2914,US,"NTT-LTD-2914, US",2.0
23,129.250.6.94,129.250.0.0-129.250.255.255,2914,US,"NTT-LTD-2914, US",50.0
23,116.0.93.210,116.0.93.0-116.0.93.255,6453,SG,"AS6453, US",44.0
23,116.0.93.137,116.0.93.0-116.0.93.255,6453,SG,"AS6453, US",232.0
23,180.87.181.75,180.87.128.0-180.87.191.255,6453,IN,"AS6453, US",225.0
23,180.87.181.207,180.87.128.0-180.87.191.255,6453,IN,"AS6453, US",222.0
23,207.45.219.128,207.45.192.0-207.45.223.255,6453,US,"AS6453, US",223.0
23,207.45.219.137,207.45.192.0-207.45.223.255,6453,US,"AS6453, US",228.0
23,216.6.87.8,216.6.0.0-216.6.127.255,6453,US,"AS6453, US",229.0
23,216.6.87.27,216.6.0.0-216.6.127.255,6453,US,"AS6453, US",232.0
24,129.250.7.32,129.250.0.0-129.250.255.255,2914,US,"NTT-LTD-2914, US",2.0
24,129.250.3.44,129.250.0.0-129.250.255.255,2914,US,"NTT-LTD-2914, US",4.0
24,129.250.2.43,129.250.0.0-129.250.255.255,2914,US,"NTT-LTD-2914, US",46.0
24,129.250.7.66,129.250.0.0-129.250.255.255,2914,US,"NTT-LTD-2914, US",81.0
24,129.250.7.83,129.250.0.0-129.250.255.255,2914,US,"NTT-LTD-2914, US",84.0
24,116.51.27.146,116.51.16.0-116.51.31.255,2914,SG,"NTT-LTD-2914, US",147.0
24,113.197.15.40,113.197.0.0-113.197.15.255,7575,AU,"AARNET-AS-AP Australian Academic and Research Network AARNet, AU",146.0
24,138.44.192.93,138.44.192.0-138.44.207.255,7575,AU,"AARNET-AS-AP Australian Academic and Research Network AARNet, AU",148.0
25,63.243.226.2,63.243.128.0-63.243.255.255,6453,US,"AS6453, US",1.388
25,63.243.226.7,63.243.128.0-63.243.255.255,6453,US,"AS6453, US",5.462
25,142.251.50.176,142.251.50.0-142.251.50.255,15169,US,"GOOGLE, US",3.235
25,74.125.243.202,74.125.0.0-74.125.255.255,15169,US,"GOOGLE, US",2.281
25,142.251.64.250,142.250.0.0-142.251.255.255,15169,US,"GOOGLE, US",7.943
25,209.85.241.189,209.85.128.0-209.85.255.255,15169,US,"GOOGLE, US",23.605
25,142.251.246.174,142.250.0.0-142.251.255.255,15169,US,"GOOGLE, US",29.698
25,108.170.242.225,108.170.192.0-108.170.255.255,15169,US,"GOOGLE, US",23.348
25,209.85.243.49,209.85.128.0-209.85.255.255,15169,US,"GOOGLE, US",22.041
25,172.217.12.110,172.217.12.0-172.217.12.255,15169,US,"GOOGLE, US",21.533
26,63.243.250.55,63.243.128.0-63.243.255.255,6453,US,"AS6453, US",31.346
26,221.111.203.69,221.111.0.0-221.111.255.255,17676,JP,"GIGAINFRA SoftBank Corp., JP",142.477
26,61.206.169.254,61.206.128.0-61.206.191.255,17676,JP,"GIGAINFRA SoftBank Corp., JP",125.438
27,63.243.251.2,63.243.128.0-63.243.255.255,6453,US,"AS6453, US",179.231
27,116.0.67.33,116.0.64.0-116.0.95.255,6453,SG,"AS6453, US",175.776
27,180.87.112.31,180.87.0.0-180.87.127.255,6453,IN,"AS6453, US",177.467
27,157.197.66.45,157.197.64.0-157.197.127.255,6619,KR,"SAMSUNGSDS-AS-KR SamsungSDS Inc., KR",281.059
27,157.197.80.189,157.197.64.0-157.197.127.255,6619,KR,"SAMSUNGSDS-AS-KR SamsungSDS Inc., KR",214.811
27,157.197.80.22,157.197.64.0-157.197.127.255,6619,KR,"SAMSUNGSDS-AS-KR SamsungSDS Inc., KR",224.552
27,157.197.83.110,157.197.64.0-157.197.127.255,6619,KR,"SAMSUNGSDS-AS-KR SamsungSDS Inc., KR",218.019
28,66.110.59.114,66.110.0.0-66.110.127.255,6453,US,"AS6453, US",229.067
29,63.243.226.2,63.243.128.0-63.243.255.255,6453,US,"AS6453, US",1.1
29,64.86.123.207,64.86.0.0-64.86.255.255,6453,US,"AS6453, US",0.702
30,64.86.123.95,64.86.0.0-64.86.255.255,6453,US,"AS6453, US",192.997
30,180.87.3.130,180.87.0.0-180.87.127.255,6453,IN,"AS6453, US",194.859
30,180.87.3.129,180.87.0.0-180.87.127.255,6453,IN,"AS6453, US",193.661
31,63.243.226.2,63.243.128.0-63.243.255.255,6453,US,"AS6453, US",1.28
31,64.86.123.207,64.86.0.0-64.86.255.255,6453,US,"AS6453, US",9.669
32,64.86.123.95,64.86.0.0-64.86.255.255,6453,US,"AS6453, US",35.187
32,221.111.203.69,221.111.0.0-221.111.255.255,17676,JP,"GIGAINFRA SoftBank Corp., JP",142.739
32,203.178.139.36,203.178.128.0-203.178.255.255,2500,JP,"WIDE-BB WIDE Project, JP",178.37
32,131.113.4.185,131.113.0.0-131.113.255.255,38635,JP,"KEIO-NET Keio University, JP",191.816
32,131.113.1.169,131.113.0.0-131.113.255.255,38635,JP,"KEIO-NET Keio University, JP",137.111
32,131.113.132.139,131.113.0.0-131.113.255.255,38635,JP,"KEIO-NET Keio University, JP",137.361
33,64.86.123.98,64.86.0.0-64.86.255.255,6453,US,"AS6453, US",0.949
33,142.167.200.35,142.167.200.0-142.167.203.255,855,CA,"CANET-ASN-4, CA",236.981
34,62.115.132.152,62.115.0.0-62.115.255.255,1299,SE,"TWELVE99 Arelion, fka Telia Carrier, SE",21.57
34,213.248.102.222,213.248.64.0-213.248.127.255,1299,SE,"TWELVE99 Arelion, fka Telia Carrier, SE",18.98
34,50.97.17.78,50.97.16.0-50.97.17.255,36351,US,"SOFTLAYER, US",23.599
34,169.53.16.236,169.53.0.0-169.53.63.255,36351,US,"SOFTLAYER, US",28.882
34,169.46.118.143,169.46.0.0-169.46.127.255,36351,US,"SOFTLAYER, US",62.201
34,169.46.118.163,169.46.0.0-169.46.127.255,36351,US,"SOFTLAYER, US",61.876
35,64.86.123.93,64.86.0.0-64.86.255.255,6453,US,"AS6453, US",92.464
35,207.45.206.1,207.45.192.0-207.45.223.255,6453,US,"AS6453, US",91.162
35,64.86.79.2,64.86.0.0-64.86.255.255,6453,US,"AS6453, US",90.901
35,216.6.81.28,216.6.0.0-216.6.127.255,6453,US,"AS6453, US",91.597
35,216.6.87.82,216.6.0.0-216.6.127.255,6453,US,"AS6453, US",94.687
36,4.68.127.93,4.0.0.0-4.127.255.255,3356,US,"LEVEL3, US",0.884
36,4.69.167.222,4.0.0.0-4.127.255.255,3356,US,"LEVEL3, US",139.439
36,217.163.113.74,217.163.0.0-217.163.255.255,3356,GB,"LEVEL3, US",131.167
36,113.197.15.40,113.197.0.0-113.197.15.255,7575,AU,"AARNET-AS-AP Australian Academic and Research Network AARNet, AU",313.155
36,138.44.192.93,138.44.192.0-138.44.207.255,7575,AU,"AARNET-AS-AP Australian Academic and Research Network AARNet, AU",319.945
37,80.231.130.130,80.231.0.0-80.231.255.255,6453,CA,"AS6453, US",1.016
37,72.14.217.89,72.14.192.0-72.14.255.255,15169,US,"GOOGLE, US",2.642
37,142.251.54.28,142.251.54.0-142.251.54.255,15169,US,"GOOGLE, US",0.792
37,74.125.242.114,74.125.0.0-74.125.255.255,15169,US,"GOOGLE, US",4.04
37,142.251.232.211,142.250.0.0-142.251.255.255,15169,US,"GOOGLE, US",2.347
37,142.251.69.72,142.250.0.0-142.251.255.255,15169,US,"GOOGLE, US",73.138
37,142.251.69.71,142.250.0.0-142.251.255.255,15169,US,"GOOGLE, US",89.032
37,192.178.72.194,192.178.0.0-192.179.255.255,15169,US,"GOOGLE, US",99.282
37,192.178.74.255,192.178.0.0-192.179.255.255,15169,US,"GOOGLE, US",133.103
37,142.251.51.41,142.251.51.0-142.251.51.255,15169,US,"GOOGLE, US",134.01
37,74.125.253.148,74.125.0.0-74.125.255.255,15169,US,"GOOGLE, US",134.811
37,108.170.242.225,108.170.192.0-108.170.255.255,15169,US,"GOOGLE, US",137.431
37,209.85.243.49,209.85.128.0-209.85.255.255,15169,US,"GOOGLE, US",139.55
37,172.217.12.110,172.217.12.0-172.217.12.255,15169,US,"GOOGLE, US",129.122
38,202.232.1.57,202.232.0.0-202.232.255.255,2497,JP,"IIJ Internet Initiative Japan Inc., JP",3.838
38,58.138.83.182,58.138.0.0-58.138.127.255,2497,JP,"IIJ Internet Initiative Japan Inc., JP",157.598
38,58.138.88.93,58.138.0.0-58.138.127.255,2497,JP,"IIJ Internet Initiative Japan Inc., JP",271.994
38,58.138.102.102,58.138.0.0-58.138.127.255,2497,JP,"IIJ Internet Initiative Japan Inc., JP",274.718
38,210.130.154.162,210.130.0.0-210.130.255.255,2497,JP,"IIJ Internet Initiative Japan Inc., JP",263.764
39,195.219.175.4,195.219.0.0-195.219.255.255,6453,CA,"AS6453, US",186.344
39,180.87.12.2,180.87.0.0-180.87.127.255,6453,IN,"AS6453, US",189.498
39,116.0.93.139,116.0.93.0-116.0.93.255,6453,SG,"AS6453, US",189.417
39,180.87.112.31,180.87.0.0-180.87.127.255,6453,IN,"AS6453, US",192.042
39,157.197.66.45,157.197.64.0-157.197.127.255,6619,KR,"SAMSUNGSDS-AS-KR SamsungSDS Inc., KR",228.498
39,157.197.66.45,157.197.64.0-157.197.127.255,6619,KR,"SAMSUNGSDS-AS-KR SamsungSDS Inc., KR",238.089
39,157.197.80.6,157.197.64.0-157.197.127.255,6619,KR,"SAMSUNGSDS-AS-KR SamsungSDS Inc., KR",279.545
39,157.197.83.110,157.197.64.0-157.197.127.255,6619,KR,"SAMSUNGSDS-AS-KR SamsungSDS Inc., KR",231.817
40,80.231.131.77,80.231.0.0-80.231.255.255,6453,CA,"AS6453, US",134.006
41,80.231.62.57,80.231.0.0-80.231.255.255,6453,CA,"AS6453, US",2.566
41,80.231.20.82,80.231.0.0-80.231.255.255,6453,CA,"AS6453, US",0.613
42,195.219.175.4,195.219.0.0-195.219.255.255,6453,CA,"AS6453, US",153.246
43,80.231.62.57,80.231.0.0-80.231.255.255,6453,CA,"AS6453, US",149.884
43,63.243.216.22,63.243.128.0-63.243.255.255,6453,US,"AS6453, US",137.041
43,63.243.128.167,63.243.128.0-63.243.255.255,6453,US,"AS6453, US",135.549
44,202.232.1.57,202.232.0.0-202.232.255.255,2497,JP,"IIJ Internet Initiative Japan Inc., JP",0.625
44,58.138.83.182,58.138.0.0-58.138.127.255,2497,JP,"IIJ Internet Initiative Japan Inc., JP",157.46
44,58.138.88.241,58.138.0.0-58.138.127.255,2497,JP,"IIJ Internet Initiative Japan Inc., JP",259.825
44,58.138.114.250,58.138.0.0-58.138.127.255,2497,JP,"IIJ Internet Initiative Japan Inc., JP",249.492
44,202.232.6.18,202.232.0.0-202.232.255.255,2497,JP,"IIJ Internet Initiative Japan Inc., JP",258.674
44,150.99.11.32,150.99.0.0-150.99.255.255,2907,JP,"SINET-AS Research Organization of Information and Systems, National Institute of Informatics, JP",261.463
44,150.99.192.206,150.99.0.0-150.99.255.255,2907,JP,"SINET-AS Research Organization of Information and Systems, National Institute of Informatics, JP",251.162
44,131.113.1.150,131.113.0.0-131.113.255.255,38635,JP,"KEIO-NET Keio University, JP",260.048
44,131.113.132.139,131.113.0.0-131.113.255.255,38635,JP,"KEIO-NET Keio University, JP",252.136
45,72.14.218.214,72.14.192.0-72.14.255.255,15169,US,"GOOGLE, US",1.314
45,142.167.200.35,142.167.200.0-142.167.203.255,855,CA,"CANET-ASN-4, CA",136.435
46,80.231.62.2,80.231.0.0-80.231.255.255,6453,CA,"AS6453, US",0.927
46,64.125.25.129,64.124.0.0-64.125.255.255,6461,US,"ZAYO-6461, US",75.52
46,208.184.23.109,208.184.0.0-208.185.255.255,6461,US,"ZAYO-6461, US",71.963
46,50.97.17.165,50.97.16.0-50.97.17.255,36351,US,"SOFTLAYER, US",93.369
46,50.97.17.162,50.97.16.0-50.97.17.255,36351,US,"SOFTLAYER, US",116.828
46,50.97.17.15,50.97.16.0-50.97.17.255,36351,US,"SOFTLAYER, US",112.871
46,169.46.118.141,169.46.0.0-169.46.127.255,36351,US,"SOFTLAYER, US",114.826
46,169.46.118.171,169.46.0.0-169.46.127.255,36351,US,"SOFTLAYER, US",112.054
47,80.231.130.26,80.231.0.0-80.231.255.255,6453,CA,"AS6453, US",97.392
47,66.198.155.32,66.198.128.0-66.198.191.255,6453,US,"AS6453, US",109.309
47,216.6.87.8,216.6.0.0-216.6.127.255,6453,US,"AS6453, US",93.939
48,195.219.23.11,195.219.0.0-195.219.255.255,6453,CA,"AS6453, US",24.005
48,217.163.113.74,217.163.0.0-217.163.255.255,3356,GB,"LEVEL3, US",1.328
48,113.197.15.40,113.197.0.0-113.197.15.255,7575,AU,"AARNET-AS-AP Australian Academic and Research Network AARNet, AU",232.531
48,138.44.192.93,138.44.192.0-138.44.207.255,7575,AU,"AARNET-AS-AP Australian Academic and Research Network AARNet, AU",237.24
49,180.87.38.107,180.87.0.0-180.87.127.255,6453,IN,"AS6453, US",2.922
49,72.14.237.10,72.14.192.0-72.14.255.255,15169,US,"GOOGLE, US",1.67
49,108.170.248.163,108.170.192.0-108.170.255.255,15169,US,"GOOGLE, US",4.739
49,142.251.52.45,142.251.52.0-142.251.52.255,15169,US,"GOOGLE, US",98.107
49,142.251.52.47,142.251.52.0-142.251.52.255,15169,US,"GOOGLE, US",96.245
49,172.253.50.217,172.253.0.0-172.253.255.255,15169,US,"GOOGLE, US",107.154
49,142.251.68.57,142.250.0.0-142.251.255.255,15169,US,"GOOGLE, US",235.725
49,72.14.237.161,72.14.192.0-72.14.255.255,15169,US,"GOOGLE, US",239.004
49,142.251.246.174,142.250.0.0-142.251.255.255,15169,US,"GOOGLE, US",241.656
49,209.85.243.49,209.85.128.0-209.85.255.255,15169,US,"GOOGLE, US",231.66
49,209.85.243.49,209.85.128.0-209.85.255.255,15169,US,"GOOGLE, US",234.18
50,180.87.38.2,180.87.0.0-180.87.127.255,6453,IN,"AS6453, US",58.085
50,180.87.37.112,180.87.0.0-180.87.127.255,6453,IN,"AS6453, US",57.705
50,180.87.36.5,180.87.0.0-180.87.127.255,6453,IN,"AS6453, US",58.096
50,180.87.107.0,180.87.0.0-180.87.127.255,6453,IN,"AS6453, US",55.349
50,120.29.214.10,120.29.192.0-120.29.223.255,6453,IN,"AS6453, US",58.529
50,210.130.133.81,210.130.0.0-210.130.255.255,2497,JP,"IIJ Internet Initiative Japan Inc., JP",54.23
50,58.138.80.209,58.138.0.0-58.138.127.255,2497,JP,"IIJ Internet Initiative Japan Inc., JP",57.752
50,58.138.80.185,58.138.0.0-58.138.127.255,2497,JP,"IIJ Internet Initiative Japan Inc., JP",130.028
50,58.138.98.233,58.138.0.0-58.138.127.255,2497,JP,"IIJ Internet Initiative Japan Inc., JP",130.069
50,58.138.100.18,58.138.0.0-58.138.127.255,2497,JP,"IIJ Internet Initiative Japan Inc., JP",125.873
50,210.130.154.162,210.130.0.0-210.130.255.255,2497,JP,"IIJ Internet Initiative Japan Inc., JP",137.803
51,180.87.38.2,180.87.0.0-180.87.127.255,6453,IN,"AS6453, US",101.532
51,180.87.15.81,180.87.0.0-180.87.127.255,6453,IN,"AS6453, US",99.13
51,116.0.93.139,116.0.93.0-116.0.93.255,6453,SG,"AS6453, US",99.435
51,180.87.112.31,180.87.0.0-180.87.127.255,6453,IN,"AS6453, US",100.917
51,157.197.66.45,157.197.64.0-157.197.127.255,6619,KR,"SAMSUNGSDS-AS-KR SamsungSDS Inc., KR",132.116
51,157.197.80.189,157.197.64.0-157.197.127.255,6619,KR,"SAMSUNGSDS-AS-KR SamsungSDS Inc., KR",155.962
51,157.197.80.34,157.197.64.0-157.197.127.255,6619,KR,"SAMSUNGSDS-AS-KR SamsungSDS Inc., KR",136.746
51,157.197.83.110,157.197.64.0-157.197.127.255,6619,KR,"SAMSUNGSDS-AS-KR SamsungSDS Inc., KR",138.791
52,180.87.38.6,180.87.0.0-180.87.127.255,6453,IN,"AS6453, US",16.276
53,180.87.38.74,180.87.0.0-180.87.127.255,6453,IN,"AS6453, US",16.615
53,121.244.71.190,121.244.68.0-121.244.71.255,4755,IN,"TATACOMM-AS TATA Communications formerly VSNL is Leading ISP, IN",57.392
53,52.95.66.66,52.95.64.0-52.95.79.255,16509,US,"AMAZON-02, US",58.004
53,52.95.66.187,52.95.64.0-52.95.79.255,16509,US,"AMAZON-02, US",63.91
53,52.95.67.231,52.95.64.0-52.95.79.255,16509,US,"AMAZON-02, US",60.911
53,52.95.67.164,52.95.64.0-52.95.79.255,16509,US,"AMAZON-02, US",82.903
53,52.95.67.225,52.95.64.0-52.95.79.255,16509,US,"AMAZON-02, US",64.772
53,52.95.67.36,52.95.64.0-52.95.79.255,16509,US,"AMAZON-02, US",64.006
54,180.87.38.2,180.87.0.0-180.87.127.255,6453,IN,"AS6453, US",86.2
54,180.87.37.112,180.87.0.0-180.87.127.255,6453,IN,"AS6453, US",58.092
54,180.87.36.5,180.87.0.0-180.87.127.255,6453,IN,"AS6453, US",57.581
54,180.87.36.41,180.87.0.0-180.87.127.255,6453,IN,"AS6453, US",57.823
55,180.87.38.2,180.87.0.0-180.87.127.255,6453,IN,"AS6453, US",257.194
55,180.87.12.111,180.87.0.0-180.87.127.255,6453,IN,"AS6453, US",137.878
56,180.87.38.2,180.87.0.0-180.87.127.255,6453,IN,"AS6453, US",101.433
56,180.87.12.226,180.87.0.0-180.87.127.255,6453,IN,"AS6453, US",99.236
56,180.87.12.2,180.87.0.0-180.87.127.255,6453,IN,"AS6453, US",100.331
56,180.87.15.81,180.87.0.0-180.87.127.255,6453,IN,"AS6453, US",93.01
56,116.0.93.137,116.0.93.0-116.0.93.255,6453,SG,"AS6453, US",101.328
56,180.87.112.150,180.87.0.0-180.87.127.255,6453,IN,"AS6453, US",100.466
56,58.138.81.137,58.138.0.0-58.138.127.255,2497,JP,"IIJ Internet Initiative Japan Inc., JP",153.872
56,58.138.106.162,58.138.0.0-58.138.127.255,2497,JP,"IIJ Internet Initiative Japan Inc., JP",143.4
56,210.138.93.110,210.138.0.0-210.138.255.255,2497,JP,"IIJ Internet Initiative Japan Inc., JP",153.351
56,150.99.11.34,150.99.0.0-150.99.255.255,2907,JP,"SINET-AS Research Organization of Information and Systems, National Institute of Informatics, JP",151.091
56,150.99.192.206,150.99.0.0-150.99.255.255,2907,JP,"SINET-AS Research Organization of Information and Systems, National Institute of Informatics, JP",147.826
56,131.113.1.150,131.113.0.0-131.113.255.255,38635,JP,"KEIO-NET Keio University, JP",145.526
56,131.113.1.150,131.113.0.0-131.113.255.255,38635,JP,"KEIO-NET Keio University, JP",145.454
56,131.113.132.139,131.113.0.0-131.113.255.255,38635,JP,"KEIO-NET Keio University, JP",146.523
57,180.87.38.2,180.87.0.0-180.87.127.255,6453,IN,"AS6453, US",59.072
57,180.87.37.112,180.87.0.0-180.87.127.255,6453,IN,"AS6453, US",58.397
57,180.87.36.5,180.87.0.0-180.87.127.255,6453,IN,"AS6453, US",59.54
57,142.167.200.35,142.167.200.0-142.167.203.255,855,CA,"CANET-ASN-4, CA",54.784
58,180.87.38.2,180.87.0.0-180.87.127.255,6453,IN,"AS6453, US",58.338
58,180.87.37.112,180.87.0.0-180.87.127.255,6453,IN,"AS6453, US",58.921
58,180.87.36.5,180.87.0.0-180.87.127.255,6453,IN,"AS6453, US",57.721
58,180.87.36.41,180.87.0.0-180.87.127.255,6453,IN,"AS6453, US",57.63
58,129.250.7.67,129.250.0.0-129.250.255.255,2914,US,"NTT-LTD-2914, US",98.989
58,129.250.5.28,129.250.0.0-129.250.255.255,2914,US,"NTT-LTD-2914, US",93.597
58,129.250.5.54,129.250.0.0-129.250.255.255,2914,US,"NTT-LTD-2914, US",144.489
58,129.250.5.54,129.250.0.0-129.250.255.255,2914,US,"NTT-LTD-2914, US",138.493
58,129.250.3.193,129.250.0.0-129.250.255.255,2914,US,"NTT-LTD-2914, US",240.341
58,129.250.3.79,129.250.0.0-129.250.255.255,2914,US,"NTT-LTD-2914, US",234.087
58,169.46.118.131,169.46.0.0-169.46.127.255,36351,US,"SOFTLAYER, US",235.293
58,169.46.118.167,169.46.0.0-169.46.127.255,36351,US,"SOFTLAYER, US",245.65
58,169.46.118.129,169.46.0.0-169.46.127.255,36351,US,"SOFTLAYER, US",244.423
58,169.46.118.171,169.46.0.0-169.46.127.255,36351,US,"SOFTLAYER, US",251.654
59,195.219.174.16,195.219.0.0-195.219.255.255,6453,CA,"AS6453, US",228.718
59,195.219.174.129,195.219.0.0-195.219.255.255,6453,CA,"AS6453, US",225.824
59,195.219.186.20,195.219.0.0-195.219.255.255,6453,CA,"AS6453, US",228.036
59,80.231.131.2,80.231.0.0-80.231.255.255,6453,CA,"AS6453, US",220.648
59,80.231.130.26,80.231.0.0-80.231.255.255,6453,CA,"AS6453, US",224.363
59,66.198.155.32,66.198.128.0-66.198.191.255,6453,US,"AS6453, US",220.332
59,216.6.87.8,216.6.0.0-216.6.127.255,6453,US,"AS6453, US",220.152
60,180.87.38.2,180.87.0.0-180.87.127.255,6453,IN,"AS6453, US",59.516
60,180.87.37.112,180.87.0.0-180.87.127.255,6453,IN,"AS6453, US",57.944
60,180.87.36.5,180.87.0.0-180.87.127.255,6453,IN,"AS6453, US",95.081
60,180.87.36.41,180.87.0.0-180.87.127.255,6453,IN,"AS6453, US",58.177
60,116.51.27.146,116.51.16.0-116.51.31.255,2914,SG,"NTT-LTD-2914, US",54.846
60,113.197.15.40,113.197.0.0-113.197.15.255,7575,AU,"AARNET-AS-AP Australian Academic and Research Network AARNet, AU",130.179
60,138.44.192.93,138.44.192.0-138.44.207.255,7575,AU,"AARNET-AS-AP Australian Academic and Research Network AARNet, AU",131.101
61,125.100.187.122,125.100.0.0-125.103.255.255,17506,JP,"UCOM ARTERIA Networks Corporation, JP",279.803
61,142.250.169.206,142.250.0.0-142.251.255.255,15169,US,"GOOGLE, US",212.529
61,142.250.209.73,142.250.0.0-142.251.255.255,15169,US,"GOOGLE, US",96.97
61,108.170.253.105,108.170.192.0-108.170.255.255,15169,US,"GOOGLE, US",446.371
61,142.251.230.219,142.250.0.0-142.251.255.255,15169,US,"GOOGLE, US",287.227
61,142.251.248.224,142.250.0.0-142.251.255.255,15169,US,"GOOGLE, US",200.074
61,142.251.68.50,142.250.0.0-142.251.255.255,15169,US,"GOOGLE, US",497.557
61,142.250.234.138,142.250.0.0-142.251.255.255,15169,US,"GOOGLE, US",307.406
61,108.170.242.225,108.170.192.0-108.170.255.255,15169,US,"GOOGLE, US",532.417
61,209.85.243.49,209.85.128.0-209.85.255.255,15169,US,"GOOGLE, US",591.85
61,172.217.12.110,172.217.12.0-172.217.12.255,15169,US,"GOOGLE, US",305.612
62,182.79.27.25,182.79.0.0-182.79.31.255,9498,IN,"BBIL-AP BHARTI Airtel Ltd., IN",189.116
62,61.206.169.254,61.206.128.0-61.206.191.255,17676,JP,"GIGAINFRA SoftBank Corp., JP",405.593
62,202.93.74.54,202.93.64.0-202.93.95.255,23816,JP,"YAHOO Yahoo Japan Corporation, JP",180.947
62,182.22.25.252,182.22.0.0-182.22.127.255,23816,JP,"YAHOO Yahoo Japan Corporation, JP",169.393
63,125.18.92.93,125.18.92.0-125.18.92.255,9498,IN,"BBIL-AP BHARTI Airtel Ltd., IN",42.676
63,62.115.49.98,62.115.0.0-62.115.255.255,1299,SE,"TWELVE99 Arelion, fka Telia Carrier, SE",89.984
63,62.115.180.189,62.115.0.0-62.115.255.255,1299,SE,"TWELVE99 Arelion, fka Telia Carrier, SE",136.473
63,222.237.11.113,222.232.0.0-222.239.255.255,9318,KR,"SKB-AS SK Broadband Co Ltd, KR",186.354
63,157.197.86.2,157.197.64.0-157.197.127.255,6619,KR,"SAMSUNGSDS-AS-KR SamsungSDS Inc., KR",191.813
63,157.197.82.214,157.197.64.0-157.197.127.255,6619,KR,"SAMSUNGSDS-AS-KR SamsungSDS Inc., KR",179.376
63,157.197.83.110,157.197.64.0-157.197.127.255,6619,KR,"SAMSUNGSDS-AS-KR SamsungSDS Inc., KR",209.976
64,125.18.92.93,125.18.92.0-125.18.92.255,9498,IN,"BBIL-AP BHARTI Airtel Ltd., IN",56.469
64,116.119.35.162,116.119.32.0-116.119.63.255,9498,IN,"BBIL-AP BHARTI Airtel Ltd., IN",101.738
64,125.16.231.194,125.16.231.0-125.16.231.255,9498,IN,"BBIL-AP BHARTI Airtel Ltd., IN",95.55
64,163.53.76.86,163.53.76.0-163.53.76.255,9752,IN,"FKNET-IN Flipkart Internet Pvt Ltd, IN",106.516
65,182.79.27.25,182.79.0.0-182.79.31.255,9498,IN,"BBIL-AP BHARTI Airtel Ltd., IN",52.4
65,116.119.94.30,116.119.64.0-116.119.127.255,9498,IN,"BBIL-AP BHARTI Airtel Ltd., IN",69.278
65,75.2.59.4,75.2.48.0-75.2.63.255,16509,US,"AMAZON-02, US",70.397
66,182.79.27.25,182.79.0.0-182.79.31.255,9498,IN,"BBIL-AP BHARTI Airtel Ltd., IN",62.093
66,116.119.81.149,116.119.64.0-116.119.127.255,9498,IN,"BBIL-AP BHARTI Airtel Ltd., IN",87.197
68,125.18.92.93,125.18.92.0-125.18.92.255,9498,IN,"BBIL-AP BHARTI Airtel Ltd., IN",65.804
68,116.119.42.17,116.119.42.0-116.119.42.255,9498,IN,"BBIL-AP BHARTI Airtel Ltd., IN",110.893
68,203.178.139.36,203.178.128.0-203.178.255.255,2500,JP,"WIDE-BB WIDE Project, JP",190.535
68,131.113.4.185,131.113.0.0-131.113.255.255,38635,JP,"KEIO-NET Keio University, JP",163.909
68,131.113.1.169,131.113.0.0-131.113.255.255,38635,JP,"KEIO-NET Keio University, JP",218.452
68,131.113.132.139,131.113.0.0-131.113.255.255,38635,JP,"KEIO-NET Keio University, JP",184.899
69,182.79.27.25,182.79.0.0-182.79.31.255,9498,IN,"BBIL-AP BHARTI Airtel Ltd., IN",575.462
69,142.250.169.206,142.250.0.0-142.251.255.255,15169,US,"GOOGLE, US",1080.988
69,142.167.200.35,142.167.200.0-142.167.203.255,855,CA,"CANET-ASN-4, CA",539.333
70,125.18.92.93,125.18.92.0-125.18.92.255,9498,IN,"BBIL-AP BHARTI Airtel Ltd., IN",62.981
70,50.97.17.48,50.97.16.0-50.97.17.255,36351,US,"SOFTLAYER, US",353.208
70,169.46.118.129,169.46.0.0-169.46.127.255,36351,US,"SOFTLAYER, US",516.197
70,169.46.118.157,169.46.0.0-169.46.127.255,36351,US,"SOFTLAYER, US",425.64
70,169.46.57.243,169.46.0.0-169.46.127.255,36351,US,"SOFTLAYER, US",453.368
71,125.18.92.93,125.18.92.0-125.18.92.255,9498,IN,"BBIL-AP BHARTI Airtel Ltd., IN",193.265
71,116.119.61.206,116.119.32.0-116.119.63.255,9498,IN,"BBIL-AP BHARTI Airtel Ltd., IN",430.848
71,80.231.200.0,80.231.0.0-80.231.255.255,6453,CA,"AS6453, US",152.829
71,195.219.186.20,195.219.0.0-195.219.255.255,6453,CA,"AS6453, US",331.355
71,80.231.131.2,80.231.0.0-80.231.255.255,6453,CA,"AS6453, US",425.982
71,216.6.57.6,216.6.0.0-216.6.127.255,6453,US,"AS6453, US",323.032
71,66.198.155.32,66.198.128.0-66.198.191.255,6453,US,"AS6453, US",355.351
71,216.6.87.8,216.6.0.0-216.6.127.255,6453,US,"AS6453, US",336.004
71,216.6.87.27,216.6.0.0-216.6.127.255,6453,US,"AS6453, US",294.421
71,63.243.152.182,63.243.128.0-63.243.255.255,6453,US,"AS6453, US",471.951
71,186.192.90.12,186.192.80.0-186.192.95.255,28604,BR,"Globo Comunicacao e Participacoes SA, BR",478.25
72,125.18.92.93,125.18.92.0-125.18.92.255,9498,IN,"BBIL-AP BHARTI Airtel Ltd., IN",136.242
72,116.119.35.12,116.119.32.0-116.119.63.255,9498,IN,"BBIL-AP BHARTI Airtel Ltd., IN",277.838
72,202.158.194.176,202.158.192.0-202.158.223.255,7575,AU,"AARNET-AS-AP Australian Academic and Research Network AARNet, AU",562.777
72,113.197.15.142,113.197.0.0-113.197.15.255,7575,AU,"AARNET-AS-AP Australian Academic and Research Network AARNet, AU",490.449
72,113.197.15.3,113.197.0.0-113.197.15.255,7575,AU,"AARNET-AS-AP Australian Academic and Research Network AARNet, AU",710.503
72,113.197.15.9,113.197.0.0-113.197.15.255,7575,AU,"AARNET-AS-AP Australian Academic and Research Network AARNet, AU",540.843
72,113.197.15.29,113.197.0.0-113.197.15.255,7575,AU,"AARNET-AS-AP Australian Academic and Research Network AARNet, AU",479.801
72,138.44.192.93,138.44.192.0-138.44.207.255,7575,AU,"AARNET-AS-AP Australian Academic and Research Network AARNet, AU",517.356
72,129.127.149.1,129.127.0.0-129.127.255.255,1851,AU,"ADELAIDE-UNIVERSITY-AS-AP The University of Adelaide, AU",486.01
